,ALA246-CB,PRO247-CD,VAL248-CB,VAL248-CG1,VAL248-CG2,PRO249-CD,MET250-CB,MET250-CG,PRO251-CD,ASN255-OD1,LYS257-CB,LYS257-CG,SER258-CB,SER262-CB,SER262-OG,THR263-OG1,GLU264-CB,GLU264-OE1,GLU264-OE2,ASN265-CB,ASN265-OD1,ASN265-ND2,LYS267-CB,LYS267-NZ,HIS268-CB,HIS268-CG,HIS268-CE1,HIS268-NE2,GLN269-CB,GLN269-OE1,GLN269-NE2,PRO270-CD,ASP283-CG,ASP283-OD1,ASP283-OD2,SER285-OG,VAL287-CG2,SER289-OG,CYS291-CB,CYS291-SG,SER293-OG,ASP295-CB,ASP295-CG,ASP295-OD1,ASP295-OD2,VAL300-CB,VAL300-CG1,VAL300-CG2,PRO301-CD,TYR310-OH,LYS311-CB,LYS311-CE,LYS311-NZ,PRO312-CD,ASP314-CG,ASP314-OD1,ASP314-OD2,SER316-CB,SER316-OG,VAL318-CB,VAL318-CG2,ASN327-OD1,HIS329-CB,HIS329-ND1,HIS329-CE1,HIS329-NE2,HIS330-ND1,HIS330-CE1,HIS330-NE2,HIS330-CD2,LYS331-CB,PRO332-CD,SER341-OG,LYS343-CB,LYS343-CG,SER356-OG,ASP358-CB,ASP358-CG,ASP358-OD1,ASP358-OD2,ASN359-OD1,ASN359-ND2,THR361-CB,THR361-OG1,VAL363-CB,VAL363-CG1,VAL363-CG2,PRO364-CD,ASN368-OD1,LYS370-CB
ALA246-CB,,0.07889056,,,,,,,,,,,,,,,,,,,,,,,,,,,,,,,,,,,,,,,,,,,,,,,,,,,,,,,,,,,,,,,,,,,,,,,,,,,,,,,,,,,,,,,,
PRO247-CD,0.07889056,,,,,,,,,,,,,,,,,,,,,,,,,,,,,,,,,,,,,,,,,,,,,,,,,,,,,,,,,,,,,,,,,,,,,,,,,,,,,,,,,,,,,,,,,
VAL248-CB,,,,,,0.02829397,,,,,,,,,,,,,,,,,,,,,,,,,,,,,,,,,,,,,,,,,,,,,,,,,,,,,,,,,,,,,,,,,,,,,,,,,,,,,,,,,,,,
VAL248-CG1,,,,,,0.02133253,,,,,,,,,,,,,,,,,,,,,,,,,,,,,,,,,,,,,,,,,,,,,,,,,,,,,,,,,,,,,,,,,,,,,,,,,,,,,,,,,,,,
VAL248-CG2,,,,,,0.013445875,,,,,,,,,,,,,,,,,,,,,,,,,,,,,,,,,,,,,,,,,,,,,,,,,,,,,,,,,,,,,,,,,,,,,,,,,,,,,,,,,,,,
PRO249-CD,,,0.02829397,0.02133253,0.013445875,,,,,,,,,,,,,,,,,,,,,,,,,,,,,,,,,,,,,,,,,,,,,,,,,,,,,,,,,,,,,,,,,,,,,,,,,,,,,,,,,,,,,
MET250-CB,,,,,,,,,0.065850034,,,,,,,,,,,,,,,,,,,,,,,,,,,,,,,,,,,,,,,,,,,,,,,,,,,,,,,,,,,,,,,,,,,,,,,,,,,,,,,,,
MET250-CG,,,,,,,,,0.011986313,,,,,,,,,,,,,,,,,,,,,,,,,,,,,,,,,,,,,,,,,,,,,,,,,,,,,,,,,,,,,,,,,,,,,,,,,,,,,,,,,
PRO251-CD,,,,,,,0.065850034,0.011986313,,,,,,,,,,,,,,,,,,,,,,,,,,,,,,,,,,,,,,,,,,,,,,,,,,,,,,,,,,,,,,,,,,,,,,,,,,,,,,,,,,
ASN255-OD1,,,,,,,,,,,0.035883404,0.014048844,0.010813344,,,,,,,,,,,,,,,,,,,,,,,,,,,,,,,,,,,,,,,,,,,,,,,,,,,,,,,,,,,,,,,,,,,,,,,,,,,,,
LYS257-CB,,,,,,,,,,0.035883404,,,,,,,,,,,,,,,,,,,,,,,,,,,,,,,,,,,,,,,,,,,,,,,,,,,,,,,,,,,,,,,,,,,,,,,,,,,,,,,,
LYS257-CG,,,,,,,,,,0.014048844,,,,,,,,,,,,,,,,,,,,,,,,,,,,,,,,,,,,,,,,,,,,,,,,,,,,,,,,,,,,,,,,,,,,,,,,,,,,,,,,
SER258-CB,,,,,,,,,,0.010813344,,,,,,,,,,,,,,,,,,,,,,,,,,,,,,,,,,,,,,,,,,,,,,,,,,,,,,,,,,,,,,,,,,,,,,,,,,,,,,,,
SER262-CB,,,,,,,,,,,,,,,,,,,,,0.015245875,,,,,,,,,,,,,,,,,,,,,,,,,,,,,,,,,,,,,,,,,,,,,,,,,,,,,,,,,,,,,,,,,,,,,
SER262-OG,,,,,,,,,,,,,,,,,0.024373155,,,0.011070407,0.021803375,0.019131001,,,,,,,,,,,,,,,,,,,,,,,,,,,,,,,,,,,,,,,,,,,,,,,,,,,,,,,,,,,,,,,,,,,,
THR263-OG1,,,,,,,,,,,,,,,,,,0.011653406,0.011157594,,0.01640803,0.010152781,,,0.016700031,0.015286501,,,,,,,,,,,,,,,,,,,,,,,,,,,,,,,,,,,,,,,,,,,,,,,,,,,,,,,,,,,,,,,,
GLU264-CB,,,,,,,,,,,,,,,0.024373155,,,,,,,,,,,,,,,,,,,,,,,,,,,,,,,,,,,,,,,,,,,,,,,,,,,,,,,,,,,,,,,,,,,,,,,,,,,
GLU264-OE1,,,,,,,,,,,,,,,,0.011653406,,,,,,,,,,,,,,,,,,,,,,,,,,,,,,,,,,,,,,,,,,,,,,,,,,,,,,,,,,,,,,,,,,,,,,,,,,
GLU264-OE2,,,,,,,,,,,,,,,,0.011157594,,,,,,,,,,,,,,,,,,,,,,,,,,,,,,,,,,,,,,,,,,,,,,,,,,,,,,,,,,,,,,,,,,,,,,,,,,
ASN265-CB,,,,,,,,,,,,,,,0.011070407,,,,,,,,,,,,,,,,,,,,,,,,,,,,,,,,,,,,,,,,,,,,,,,,,,,,,,,,,,,,,,,,,,,,,,,,,,,
ASN265-OD1,,,,,,,,,,,,,,0.015245875,0.021803375,0.01640803,,,,,,,0.012804594,0.010735937,,,,,,,,,,,,,,,,,,,,,,,,,,,,,,,,,,,,,,,,,,,,,,,,,,,,,,,,,,,,,,,,,,
ASN265-ND2,,,,,,,,,,,,,,,0.019131001,0.010152781,,,,,,,,,,,,,,,,,,,,,,,,,,,,,,,,,,,,,,,,,,,,,,,,,,,,,,,,,,,,,,,,,,,,,,,,,,
LYS267-CB,,,,,,,,,,,,,,,,,,,,,0.012804594,,,,,,,,,,,,,,,,,,,,,,,,,,,,,,,,,,,,,,,,,,,,,,,,,,,,,,,,,,,,,,,,,,,,,
LYS267-NZ,,,,,,,,,,,,,,,,,,,,,0.010735937,,,,,,,,,,,,,,,,,,,,,,,,,,,,,,,,,,,,,,,,,,,,,,,,,,,,,,,,,,,,,,,,,,,,,
HIS268-CB,,,,,,,,,,,,,,,,0.016700031,,,,,,,,,,,,,,,,,,,,,,,,,,,,,,,,,,,,,,,,,,,,,,,,,,,,,,,,,,,,,,,,,,,,,,,,,,
HIS268-CG,,,,,,,,,,,,,,,,0.015286501,,,,,,,,,,,,,,,,,,,,,,,,,,,,,,,,,,,,,,,,,,,,,,,,,,,,,,,,,,,,,,,,,,,,,,,,,,
HIS268-CE1,,,,,,,,,,,,,,,,,,,,,,,,,,,,,,,0.013885219,,,,,,,,,,,,,,,,,,,,,,,,,,,,,,,,,,,,,,,,,,,,,,,,,,,,,,,,,,,
HIS268-NE2,,,,,,,,,,,,,,,,,,,,,,,,,,,,,,,0.012124438,,,,,,,,,,,,,,,,,,,,,,,,,,,,,,,,,,,,,,,,,,,,,,,,,,,,,,,,,,,
GLN269-CB,,,,,,,,,,,,,,,,,,,,,,,,,,,,,,,,0.06394163,,,,,,,,,,,,,,,,,,,,,,,,,,,,,,,,,,,,,,,,,,,,,,,,,,,,,,,,,,
GLN269-OE1,,,,,,,,,,,,,,,,,,,,,,,,,,,,,,,,0.023116093,,,,,,,,,,,,,,,,,,,,,,,,,,,,,,,,,,,,,,,,,,,,,,,,,,,,,,,,,,
GLN269-NE2,,,,,,,,,,,,,,,,,,,,,,,,,,,0.013885219,0.012124438,,,,,,,,,,,,,,,,,,,,,,,,,,,,,,,,,,,,,,,,,,,,,,,,,,,,,,,,,,,,,,
PRO270-CD,,,,,,,,,,,,,,,,,,,,,,,,,,,,,0.06394163,0.023116093,,,,,,,,,,,,,,,,,,,,,,,,,,,,,,,,,,,,,,,,,,,,,,,,,,,,,,,,,,,,
ASP283-CG,,,,,,,,,,,,,,,,,,,,,,,,,,,,,,,,,,,,0.013336657,,,,,,,,,,,,,,,,,,,,,,,,,,,,,,,,,,,,,,,,,,,,,,,,,,,,,,
ASP283-OD1,,,,,,,,,,,,,,,,,,,,,,,,,,,,,,,,,,,,0.0145316245,,,,,,,,,,,,,,,,,,,,,,,,,,,,,,,,,,,,,,,,,,,,,,,,,,,,,,
ASP283-OD2,,,,,,,,,,,,,,,,,,,,,,,,,,,,,,,,,,,,0.014537562,,,,,,,,,,,,,,,,,,,,,,,,,,,,,,,,,,,,,,,,,,,,,,,,,,,,,,
SER285-OG,,,,,,,,,,,,,,,,,,,,,,,,,,,,,,,,,0.013336657,0.0145316245,0.014537562,,0.010378,,,,,,,,,,,,,,,,,,,,,,,,,,,,,,,,,,,,,,,,,,,,,,,,,,,,,
VAL287-CG2,,,,,,,,,,,,,,,,,,,,,,,,,,,,,,,,,,,,0.010378,,,,,,,,,,,,,,,,,,,,,,,,,,,,,,,,,,,,,,,,,,,,,,,,,,,,,,
SER289-OG,,,,,,,,,,,,,,,,,,,,,,,,,,,,,,,,,,,,,,,0.0109977815,0.011997406,,,,,,,,,,,,,,,,,,,,,,,,,,,,,,,,,,,,,,,,,,,,,,,,,,
CYS291-CB,,,,,,,,,,,,,,,,,,,,,,,,,,,,,,,,,,,,,,0.0109977815,,,,,,,,,,,,,,,,,,,,,,,,,,,,,,,,,,,,,,,,,,,,,,,,,,,,
CYS291-SG,,,,,,,,,,,,,,,,,,,,,,,,,,,,,,,,,,,,,,0.011997406,,,,,,,,,,,,,,,,,,,,,,,,,,,,,,,,,,,,,,,,,,,,,,,,,,,,
SER293-OG,,,,,,,,,,,,,,,,,,,,,,,,,,,,,,,,,,,,,,,,,,0.014090437,0.013938843,0.010542531,0.010472594,,,,,,,,,,,,,,,,,,,,,,,,,,,,,,,,,,,,,,,,,,,,,
ASP295-CB,,,,,,,,,,,,,,,,,,,,,,,,,,,,,,,,,,,,,,,,,0.014090437,,,,,,,,,,,,,,,,,,,,,,,,,,,,,,,,,,,,,,,,,,,,,,,,,
ASP295-CG,,,,,,,,,,,,,,,,,,,,,,,,,,,,,,,,,,,,,,,,,0.013938843,,,,,,,,,,,,,,,,,,,,,,,,,,,,,,,,,,,,,,,,,,,,,,,,,
ASP295-OD1,,,,,,,,,,,,,,,,,,,,,,,,,,,,,,,,,,,,,,,,,0.010542531,,,,,,,,,,,,,,,,,,,,,,,,,,,,,,,,,,,,,,,,,,,,,,,,,
ASP295-OD2,,,,,,,,,,,,,,,,,,,,,,,,,,,,,,,,,,,,,,,,,0.010472594,,,,,,,,,,,,,,,,,,,,,,,,,,,,,,,,,,,,,,,,,,,,,,,,,
VAL300-CB,,,,,,,,,,,,,,,,,,,,,,,,,,,,,,,,,,,,,,,,,,,,,,,,,0.027024407,,,,,,,,,,,,,,,,,,,,,,,,,,,,,,,,,,,,,,,,,
VAL300-CG1,,,,,,,,,,,,,,,,,,,,,,,,,,,,,,,,,,,,,,,,,,,,,,,,,0.014373031,,,,,,,,,,,,,,,,,,,,,,,,,,,,,,,,,,,,,,,,,
VAL300-CG2,,,,,,,,,,,,,,,,,,,,,,,,,,,,,,,,,,,,,,,,,,,,,,,,,0.013159376,,,,,,,,,,,,,,,,,,,,,,,,,,,,,,,,,,,,,,,,,
PRO301-CD,,,,,,,,,,,,,,,,,,,,,,,,,,,,,,,,,,,,,,,,,,,,,,0.027024407,0.014373031,0.013159376,,,,,,,,,,,,,,,,,,,,,,,,,,,,,,,,,,,,,,,,,,
TYR310-OH,,,,,,,,,,,,,,,,,,,,,,,,,,,,,,,,,,,,,,,,,,,,,,,,,,,,0.019105969,,,,,,,,,,,,,,,,,,,,,,,,,,,,,,,,,,,,,,
LYS311-CB,,,,,,,,,,,,,,,,,,,,,,,,,,,,,,,,,,,,,,,,,,,,,,,,,,,,,,0.037056997,,,,,,,,,,,,,,,,,,,,,,,,,,,,,,,,,,,,
LYS311-CE,,,,,,,,,,,,,,,,,,,,,,,,,,,,,,,,,,,,,,,,,,,,,,,,,,0.019105969,,,,,,,,,,,,,,,,,,,,,,,,,,,,,,,,,,,,,,,,
LYS311-NZ,,,,,,,,,,,,,,,,,,,,,,,,,,,,,,,,,,,,,,,,,,,,,,,,,,,,,,,,0.011919063,0.011713344,,,,,,,,,,,,,,,,,,,,,,,,,,,,,,,,,
PRO312-CD,,,,,,,,,,,,,,,,,,,,,,,,,,,,,,,,,,,,,,,,,,,,,,,,,,,0.037056997,,,,,,,,,,,,,,,,,,,,,,,,,,,,,,,,,,,,,,,
ASP314-CG,,,,,,,,,,,,,,,,,,,,,,,,,,,,,,,,,,,,,,,,,,,,,,,,,,,,,,,,,,,0.011202218,,,,,,,,,,,,,,,,,,,,,,,,,,,,,,,
ASP314-OD1,,,,,,,,,,,,,,,,,,,,,,,,,,,,,,,,,,,,,,,,,,,,,,,,,,,,,0.011919063,,,,,0.011534501,0.013583032,,,,,,,,,,,,,,,,,,,,,,,,,,,,,,,
ASP314-OD2,,,,,,,,,,,,,,,,,,,,,,,,,,,,,,,,,,,,,,,,,,,,,,,,,,,,,0.011713344,,,,,,0.012483969,,,,,,,,,,,,,,,,,,,,,,,,,,,,,,,
SER316-CB,,,,,,,,,,,,,,,,,,,,,,,,,,,,,,,,,,,,,,,,,,,,,,,,,,,,,,,,0.011534501,,,,,,,,,,,,,,,,,,,,,,,,,,,,,,,,,,
SER316-OG,,,,,,,,,,,,,,,,,,,,,,,,,,,,,,,,,,,,,,,,,,,,,,,,,,,,,,,0.011202218,0.013583032,0.012483969,,,0.0108630005,0.015474344,,,,,,,,,,,,,,,,,,,,,,,,,,,,,
VAL318-CB,,,,,,,,,,,,,,,,,,,,,,,,,,,,,,,,,,,,,,,,,,,,,,,,,,,,,,,,,,,0.0108630005,,,,,,,,,,,,,,,,,,,,,,,,,,,,,,,
VAL318-CG2,,,,,,,,,,,,,,,,,,,,,,,,,,,,,,,,,,,,,,,,,,,,,,,,,,,,,,,,,,,0.015474344,,,,,,,,,,,,,,,,,,,,,,,,,,,,,,,
ASN327-OD1,,,,,,,,,,,,,,,,,,,,,,,,,,,,,,,,,,,,,,,,,,,,,,,,,,,,,,,,,,,,,,,0.0115902815,,,,,,,,,,,,,,,,,,,,,,,,,,,
HIS329-CB,,,,,,,,,,,,,,,,,,,,,,,,,,,,,,,,,,,,,,,,,,,,,,,,,,,,,,,,,,,,,,0.0115902815,,,,,,,,,,,,,,,,,,,,,,,,,,,,
HIS329-ND1,,,,,,,,,,,,,,,,,,,,,,,,,,,,,,,,,,,,,,,,,,,,,,,,,,,,,,,,,,,,,,,,,,,,,,,0.015690625,,,,,,,,,,,,,,,,,,,
HIS329-CE1,,,,,,,,,,,,,,,,,,,,,,,,,,,,,,,,,,,,,,,,,,,,,,,,,,,,,,,,,,,,,,,,,,,0.014227187,0.018221969,0.019792438,0.014964594,,,,,,,,,,,,,,,,,,,,
HIS329-NE2,,,,,,,,,,,,,,,,,,,,,,,,,,,,,,,,,,,,,,,,,,,,,,,,,,,,,,,,,,,,,,,,,,,,,0.016571313,0.012351906,,,,,,,,,,,,,,,,,,,,
HIS330-ND1,,,,,,,,,,,,,,,,,,,,,,,,,,,,,,,,,,,,,,,,,,,,,,,,,,,,,,,,,,,,,,,,,0.014227187,,,,,,,,,,,,,,,,,,,,,,,,,
HIS330-CE1,,,,,,,,,,,,,,,,,,,,,,,,,,,,,,,,,,,,,,,,,,,,,,,,,,,,,,,,,,,,,,,,,0.018221969,,,,,,,,,,,,,,,,,,,,,,,,,
HIS330-NE2,,,,,,,,,,,,,,,,,,,,,,,,,,,,,,,,,,,,,,,,,,,,,,,,,,,,,,,,,,,,,,,,,0.019792438,0.016571313,,,,,,,,,,,,,,,,,,,,,,,,
HIS330-CD2,,,,,,,,,,,,,,,,,,,,,,,,,,,,,,,,,,,,,,,,,,,,,,,,,,,,,,,,,,,,,,,,,0.014964594,0.012351906,,,,,,,,,,,,,,,,,,,,,,,,
LYS331-CB,,,,,,,,,,,,,,,,,,,,,,,,,,,,,,,,,,,,,,,,,,,,,,,,,,,,,,,,,,,,,,,,0.015690625,,,,,,,,0.051880155,,,,,,,,,,,,,,,,,,
PRO332-CD,,,,,,,,,,,,,,,,,,,,,,,,,,,,,,,,,,,,,,,,,,,,,,,,,,,,,,,,,,,,,,,,,,,,,,,0.051880155,,,,,,,,,,,,,,,,,,,
SER341-OG,,,,,,,,,,,,,,,,,,,,,,,,,,,,,,,,,,,,,,,,,,,,,,,,,,,,,,,,,,,,,,,,,,,,,,,,,,0.014251062,0.0102346875,,,,,,,,,,,,,,,
LYS343-CB,,,,,,,,,,,,,,,,,,,,,,,,,,,,,,,,,,,,,,,,,,,,,,,,,,,,,,,,,,,,,,,,,,,,,,,,,0.014251062,,,,,,,,,,,,,,,,,
LYS343-CG,,,,,,,,,,,,,,,,,,,,,,,,,,,,,,,,,,,,,,,,,,,,,,,,,,,,,,,,,,,,,,,,,,,,,,,,,0.0102346875,,,,,,,,,,,,,,,,,
SER356-OG,,,,,,,,,,,,,,,,,,,,,,,,,,,,,,,,,,,,,,,,,,,,,,,,,,,,,,,,,,,,,,,,,,,,,,,,,,,,,0.031743407,0.029791094,0.024428405,0.023881063,,,,,,,,,,
ASP358-CB,,,,,,,,,,,,,,,,,,,,,,,,,,,,,,,,,,,,,,,,,,,,,,,,,,,,,,,,,,,,,,,,,,,,,,,,,,,,0.031743407,,,,,,,,,,,,,,
ASP358-CG,,,,,,,,,,,,,,,,,,,,,,,,,,,,,,,,,,,,,,,,,,,,,,,,,,,,,,,,,,,,,,,,,,,,,,,,,,,,0.029791094,,,,,,,,,,,,,,
ASP358-OD1,,,,,,,,,,,,,,,,,,,,,,,,,,,,,,,,,,,,,,,,,,,,,,,,,,,,,,,,,,,,,,,,,,,,,,,,,,,,0.024428405,,,,,,,,,,,,,,
ASP358-OD2,,,,,,,,,,,,,,,,,,,,,,,,,,,,,,,,,,,,,,,,,,,,,,,,,,,,,,,,,,,,,,,,,,,,,,,,,,,,0.023881063,,,,,,,,,,,,,,
ASN359-OD1,,,,,,,,,,,,,,,,,,,,,,,,,,,,,,,,,,,,,,,,,,,,,,,,,,,,,,,,,,,,,,,,,,,,,,,,,,,,,,,,,,,0.012736032,0.028791782,,,,,,
ASN359-ND2,,,,,,,,,,,,,,,,,,,,,,,,,,,,,,,,,,,,,,,,,,,,,,,,,,,,,,,,,,,,,,,,,,,,,,,,,,,,,,,,,,,,0.0101893125,,,,,,
THR361-CB,,,,,,,,,,,,,,,,,,,,,,,,,,,,,,,,,,,,,,,,,,,,,,,,,,,,,,,,,,,,,,,,,,,,,,,,,,,,,,,,,0.012736032,,,,,,,,,
THR361-OG1,,,,,,,,,,,,,,,,,,,,,,,,,,,,,,,,,,,,,,,,,,,,,,,,,,,,,,,,,,,,,,,,,,,,,,,,,,,,,,,,,0.028791782,0.0101893125,,,,,,,,
VAL363-CB,,,,,,,,,,,,,,,,,,,,,,,,,,,,,,,,,,,,,,,,,,,,,,,,,,,,,,,,,,,,,,,,,,,,,,,,,,,,,,,,,,,,,,,,0.025489,,
VAL363-CG1,,,,,,,,,,,,,,,,,,,,,,,,,,,,,,,,,,,,,,,,,,,,,,,,,,,,,,,,,,,,,,,,,,,,,,,,,,,,,,,,,,,,,,,,0.014951906,,
VAL363-CG2,,,,,,,,,,,,,,,,,,,,,,,,,,,,,,,,,,,,,,,,,,,,,,,,,,,,,,,,,,,,,,,,,,,,,,,,,,,,,,,,,,,,,,,,0.012101593,,
PRO364-CD,,,,,,,,,,,,,,,,,,,,,,,,,,,,,,,,,,,,,,,,,,,,,,,,,,,,,,,,,,,,,,,,,,,,,,,,,,,,,,,,,,,,,0.025489,0.014951906,0.012101593,,,
ASN368-OD1,,,,,,,,,,,,,,,,,,,,,,,,,,,,,,,,,,,,,,,,,,,,,,,,,,,,,,,,,,,,,,,,,,,,,,,,,,,,,,,,,,,,,,,,,,0.010235188
LYS370-CB,,,,,,,,,,,,,,,,,,,,,,,,,,,,,,,,,,,,,,,,,,,,,,,,,,,,,,,,,,,,,,,,,,,,,,,,,,,,,,,,,,,,,,,,,0.010235188,
